ID,Title,Abstract42088067,Evaluation of the Antimalarial Potential of a Combination of Terminalia macroptera and Erythrina sigmoidea: In Vitro and In Silico Assays.,"1. J Parasitol Res. 2026 May 3;2026:2472782. doi: 10.1155/japr/2472782. eCollection  2026.  Evaluation of the Antimalarial Potential of a Combination of Terminalia  macroptera and Erythrina sigmoidea: In Vitro and In Silico Assays.  Sandra TNJ(1)(2), Nadia NAC(2)(3), Cedric Y(2)(4), Guy-Armand GN(1)(2), Sidiki  NNA(1)(2), Azizi MA(1)(2), Payne VK(1), Hu H(2)(5).  Author information: (1)Department of Animal Biology, Faculty of Science, University of Dschang,  Dschang, Cameroon, univ-dschang.org. (2)Laboratory of Tropical and Emerging Infectious Diseases, Dschang, Cameroon. (3)Department of Microbiology, Haematology and Immunology Faculty of Medicine  and Pharmaceutical Sciences, University of Dschang, Dschang, Cameroon,  univ-dschang.org. (4)Department of Biomedical Sciences, Faculty of Health Sciences, University of  Bamenda, Bambili, Cameroon, unibda.net. (5)National Engineering Research Center for Modernization of Traditional Chinese  Medicine-Hakka Medical Resources Branch, School of Pharmacy, Gannan Medical  University, Ganzhou, China, gmu.cn.  BACKGROUND: Due to the increasing resistance of malaria parasites to  antimalarial drugs, medicinal plants are increasingly being employed to cure  malaria. The purpose of this study is to establish the cytotoxicity,  antioxidant, and antiplasmodial activity of a mixture of Terminalia macroptera  and Erythrina sigmoidea extracts, two plants that have been traditionally used  together in the management of malaria in Cameroon's Western Region. METHODS: The stem bark extracts of both plants were formulated according to  established protocols. Previous studies reported the use of blends of E.  sigmoidea and T. macroptera in antiplasmodial assays employing established  methods. Three combinations were used: 75% T. macroptera and 25% E. sigmoidea in  Combination 1, 50% T. macroptera and 50% E. sigmoidea in Combination 2, and 25%  T. macroptera and 75% E. sigmoidea in Combination 3. The in vitro antiplasmodial  activity of the combinations against chloroquine-sensitive (3D7) and  chloroquine-resistant (Dd2) Plasmodium falciparum strains was evaluated by the  SYBR green fluorescence-based assay. Antioxidant activity was evaluated by DPPH  (1,1-diphenyl-2picrylhydrazyl), FRAP free radical scavenging (ferric reducing  antioxidant capacity), H2O2 (hydrogen peroxide), and NO (nitric oxide) radical  scavenging. Cytotoxicity of the extracts was evaluated by using Vero cell line  and human donor red blood cells (RBCs). Docking studies were conducted using the  Schrodinger Maestro software. RESULT: Extracts of E. sigmoidea and T. macroptera were effective in all the  three combinations. Being effective with IC50 values of 4.64 ± 0.09 μg/mL for  the 3D7 strain and 4.67 ± 0.24 μg/mL for the Dd2 strain of P. falciparum, the  third combination proved to be the most effective. The free radical scavenging  activity of all the plant extracts was good. Against DPPH, FRAP, NO, and H2O2,  IC50 values for the combination were 510.3 μg/mL, 159.6 μg/mL, and undetermined,  respectively. Plant extract Combination 3 was not cytotoxic in cytotoxicity  assay with CC50 of 217.05 ± 0.21 μg/mL against Vero cells and reduced hemolysis  compared with positive control. Phytochemical analysis of plant extract  identified the existence of alkaloids, triterpenoids, tannins, quinones,  saponins, flavonoids, and phenolics. Sigmoidin A, Bidwillon A, Abyssinone V,  Flavogallonic acid, 3,4,5-tri-O-caffeoylquinic acid were the Top 5 ligands that  had the highest docking scores. Compounds are docked to PfDHFR because it is an  essential enzyme, a validated antimalarial drug target, and docking provides  mechanistic insight, resistance relevance, and predictive support for  antiplasmodial activity. CONCLUSION: These findings suggest that the combination of stem bark extracts of  T. macroptera and E. sigmoidea may have antimalarial activity. Additional in  vivo antimalarial and toxicity studies are required for the scientific  validation of the application of the two plant extracts in combination for  antimalarial activity. The investigation of T. macroptera and E. sigmoidea via  their interactions with proteins supported our hypothesis that the active  substance is a strong inhibitor of the Plasmodium falciparum dihydrofolate  reductase-thymidylate synthase (Pf-DHFR-TS). Analyzing these compounds' ADME  characteristics contributes to the possibility of these ligands being developed  into pharmaceutical forms.  Copyright © 2026 Tientcheu Noutong Jemimah Sandra et al. Journal of Parasitology  Research published by John Wiley & Sons Ltd.  DOI: 10.1155/japr/2472782 PMCID: PMC13136524 PMID: 42088067  Conflict of interest statement: The authors declare no conflicts of interests."
42060965,Repurpose antimalarials to target Toxoplasma gondii dihydrofolate reductase thymidylate synthase.,"1. Eur J Med Chem. 2026 Sep 5;313:118863. doi: 10.1016/j.ejmech.2026.118863. Epub  2026 Apr 19.  Repurpose antimalarials to target Toxoplasma gondii dihydrofolate reductase  thymidylate synthase.  Decharuangsilp S(1), Koompapong K(2), Arwon U(1), Tuyapala N(3), Hoarau M(1),  Tanasugarn L(4), Pengon J(1), Talawanich Y(1), Saeyang T(1), Vanichtanankul  J(1), Yuthavong Y(1), Kamchonwongpaisan S(1), Mahittikorn A(5), Kongkasuriyachai  D(6).  Author information: (1)National Center for Genetic Engineering and Biotechnology (BIOTEC), National  Science and Technology Development Agency (NSTDA), Khlong Nueng, Khlong Luang,  Pathum Thani, 12120, Thailand. (2)Department of Protozoology, Faculty of Tropical Medicine, Mahidol University,  Ratchathewi, Bangkok, 10400, Thailand. (3)National Nanotechnology Center (NANOTEC), National Science and Technology  Development Agency (NSTDA), Khlong Nueng, Khlong Luang, Pathum Thani, 12120,  Thailand. (4)Department of Tropical Hygiene, Faculty of Tropical Medicine, Mahidol  University, Ratchathewi, Bangkok, 10400, Thailand. (5)Department of Protozoology, Faculty of Tropical Medicine, Mahidol University,  Ratchathewi, Bangkok, 10400, Thailand. Electronic address:  aongart.mah@mahidol.ac.th. (6)National Center for Genetic Engineering and Biotechnology (BIOTEC), National  Science and Technology Development Agency (NSTDA), Khlong Nueng, Khlong Luang,  Pathum Thani, 12120, Thailand. Electronic address: darin@biotec.or.th.  Toxoplasma gondii is an obligate intracellular blood and tissue protozoan  parasite that infects up to a third of the population worldwide. Several  antimalarial drugs, in particular pyrimethamine (PYR), have been used for  decades to treat toxoplasmosis. Here, the clinical candidate P218, a potent  inhibitor of Plasmodium falciparum dihydrofolate reductase (PfDHFR), and a  series of flexible diaminopyrimidine butyrolactone analogues were identified as  potent T. gondii dihydrofolate reductase (TgDHFR) inhibitors. The most promising  butyrolactone analogue, LA4, displayed an improved TgDHFR inhibition (Ki  1.71 nM), increased antiparasitic properties in vitro (IC50 0.44 nM), and a  higher cell selectivity compared to PYR (Ki 13.0 nM, IC50 410 nM) while P218 (Ki  2.19 nM, IC50 370 nM) presented an improved activity with comparable cell  selectivity to PYR. The in vivo results against T. gondii RH strain-infected  mice showed that P218 reduced parasitic burden in blood whereas LA4 decreased  parasite load in peritoneal fluid and blood with an extended mice survival.  These findings position butyrolactone LA4 as a new potential for the treatment  of acute toxoplasmosis.  Copyright © 2026 The Authors. Published by Elsevier Masson SAS.. All rights  reserved.  DOI: 10.1016/j.ejmech.2026.118863 PMID: 42060965 [Indexed for MEDLINE]  Conflict of interest statement: Declaration of competing interest The authors  declare the following financial interests/personal relationships which may be  considered as potential competing interests. A.M. received the Fundamental Fund:  Fiscal year 2023 research grant from Mahidol University and Y.T. received BIOTEC  Research Initiative Grant (#P1450525) from National Center for Genetic  Engineering and Biotechnology through competitive internal selection process  within their respective organizations. S.K. received NSTDA Research Chair Grant  2017 (#P1850116) from National Science and Technology Development Agency (NSTDA)  and J.V. received research grant from Thailand Science Research and Innovation  (#TRG5780138) through competitive national selection processes. S.D., U.A.,  N.T., M.H., J.P., T.S., J.V., Y.Y., S.K., and D.K. are inventors on a pending  patent (TH2301005512). Y.T. and S.K. are among the inventors on a Thai petty  patent No.17683. J.V., S.K., Y.T., T.S. and Y.Y. are among the inventors on a  Thai petty patent No.13652. J.P., J.V., Y.Y. and S.K. are inventors on a Thai  petty patent No.18216. Y.Y. and S.K. are inventors on a United State patent (US  8,530,491 B2). If there are other authors, they declare that they have no known  competing financial interests or personal relationships that could have appeared  to influence the work reported in this paper."
41885428,A heterologous marker-free selection approach for CRISPR/Cas9-based gene editing in the malaria parasite Plasmodium falciparum.,"1. mSphere. 2026 Apr 28;11(4):e0088425. doi: 10.1128/msphere.00884-25. Epub 2026  Mar 26.  A heterologous marker-free selection approach for CRISPR/Cas9-based gene editing  in the malaria parasite Plasmodium falciparum.  Carrington E(1)(2), Ballmer D(1)(2), Niederwieser I(1)(2), Thommen BT(1)(2),  Brancucci NMB(1)(2), Voss TS(1)(2).  Author information: (1)Department of Medical Parasitology and Infection Biology, Swiss Tropical and  Public Health Institute, Allschwil, Switzerland. (2)University of Basel, Basel, Switzerland.  CRISPR/Cas9-based gene editing of the malaria parasite Plasmodium falciparum has  emerged as a transformative tool for advancing functional studies on parasite  biology and identifying new therapeutic targets. Currently applied CRISPR/Cas9  methodologies depend on a limited set of heterologous drug resistance markers  for the selection of transgenic parasites, which restricts the potential for  iterative genetic modifications. Here, we developed a heterologous marker-free  CRISPR/Cas9 gene editing strategy (CRISPR/Cas9pyrR) for P. falciparum based on  the simultaneous editing of a gene of interest and introduction of pyrimethamine  (PYR) resistance-conferring mutations into the dihydrofolate  reductase-thymidylate synthase (pfdhfr-ts) gene. By providing a pfdhfrpyrR donor  sequence and the Cas9 expression cassette on separate plasmids, CRISPR/Cas9pyrR  ensures that only parasites acquiring both plasmids survive under PYR pressure.  As a proof of principle, we applied CRISPR/Cas9pyrR to generate two transgenic  parasite lines expressing GFP-tagged versions of the putative nuclear envelope  protein PfGEX1 and nuclear pore protein PfNUP116, respectively. We show that  PfGEX1-GFP marks the nuclear envelope specifically in gametocytes, but not in  asexual blood stage parasites. Similarly, and against previous reports, we find  PfNUP116-GFP expression is undetectable in asexual parasites but instead  localizes to a distinct perinuclear region in early gametocytes. These results  suggest dynamic compositional changes of the nuclear periphery during sexual  differentiation. We further demonstrate sequential genetic engineering of the  PfNUP116-GFP-expressing line using the human dhfr drug resistance marker  combined with WR99210-based selection by additionally tagging PfAP2-G, the  master transcriptional regulator of sexual commitment, and the nuclear pore  protein PfNUP313. Hence, CRISPR/Cas9pyrR provides a versatile and effective new  method that enhances and complements the current genetic toolkit for malaria  research.IMPORTANCEMalaria tropica, which is caused by the unicellular parasite  Plasmodium falciparum, is one of the most devastating infectious diseases  worldwide. The development of urgently needed effective vaccines and new  antimalarial drugs with novel modes of action requires a profound understanding  of parasite biology. CRISPR/Cas9-based genome engineering is beyond doubt the  most important experimental approach to study the function and essentiality of  parasite proteins and to identify and validate new vaccine and drug targets. In  this study, we developed and successfully applied a modified CRISPR/Cas9  strategy, termed CRISPR/Cas9pyrR, that avoids the use of a heterologous drug  resistance marker for the selection of genetically modified parasites.  CRISPR/Cas9pyrR thus complements the CRISPR/Cas9 toolbox available for gene  editing in P. falciparum and overcomes some of the limitations of currently  employed protocols.  DOI: 10.1128/msphere.00884-25 PMCID: PMC13123713 PMID: 41885428 [Indexed for MEDLINE]  Conflict of interest statement: The authors declare no conflict of interest."
41808336,Plasmodium falciparum GTP-cyclohydrolase 1 (Pfgch1) Gene Copy Number Variation and Its Implications in antimalarial resistance from Northeast India.,"1. J Vector Borne Dis. 2026 Mar 11. doi: 10.4103/jvbd.jvbd_200_25. Online ahead of  print.  Plasmodium falciparum GTP-cyclohydrolase 1 (Pfgch1) Gene Copy Number Variation  and Its Implications in antimalarial resistance from Northeast India.  Sen A(1)(2), Sharma P(1)(3), Sharma S(1), Srivastava B(1), Singh K(1)(3),  Anvikar A(1)(3), Bharti PK(1)(3).  Author information: (1)ICMR-National Institute of Malaria Research, Sector-8, Dwarka, New Delhi,  India. (2)Department of Genetics, University of Delhi, South Campus, New Delhi, India. (3)AcSIR - Academy of Scientific and Innovative Research, Ghaziabad, Uttar  Pradesh, India.  BACKGROUND OBJECTIVES: Drug-resistant strains of Plasmodium falciparum pose a  major challenge to malaria control and elimination. The present study focuses on  the GTP-cyclohydrolase 1 (Pfgch1) gene, a key enzyme in the folate biosynthesis  pathway, known to play a role in antimalarial (Sulfadoxine-Pyrimethamine,  commonly used in combination therapies) resistance. An increase in Pfgch1 copy  number is hypothesized to compensate for the mutations in dihydrofolate  reductase (Pfdhfr) and dihydropteroate synthetase (Pfdhps) genes associated with  Sulfadoxine-Pyrimethamine resistance. METHODS: We analyzed Pfgch1 gene copy number variation (CNV) in one hundred one  P. falciparum isolates collected from Northeast India, using quantitative PCR  and the findings of the CNV were used to determine the association with drug  resistance genes Pfdhfr and Pfdhps. RESULTS: The analysis revealed a significant variation in the Pfgch1 gene copy  number among the isolates, with most isolates carrying a single copy. Notably,  higher copy numbers were significantly associated with the presence of mutations  in the Pfdhfr and Pfdhps genes. INTERPRETATION CONCLUSION: A statistically significant positive correlation was  observed between mutations in the Pfdhfr and Pfdhps genes and increased CNVs in  the Pfgch1 gene. Further investigation is needed to elucidate the correlation  between Pfgch1 amplification and how Pfdhfr/Pfdhps mutations contribute to  antimalarial drug resistance in P. falciparum. This research finding may help to  detect and mitigate the spread of antifolate-resistant P. falciparum.  Copyright © 2026 Journal of Vector Borne Diseases.  DOI: 10.4103/jvbd.jvbd_200_25 PMID: 41808336"
41679334,Recurrent Plasmodium falciparum parasitemia and drug resistance mutations during intermittent preventive treatment of malaria in pregnancy in Uganda.,"1. J Infect Dis. 2026 Feb 13:jiag074. doi: 10.1093/infdis/jiag074. Online ahead of  print.  Recurrent Plasmodium falciparum parasitemia and drug resistance mutations during  intermittent preventive treatment of malaria in pregnancy in Uganda.  Kizza J(1), Katairo T(1), Kakuru A(1)(2), Nsengimaana B(1), Esilu T(1),  Wiringilimaana I(1), Semakuba FD(1), Gerlovina I(3), Hathaway N(3), Briggs J(3),  Tukwasibwe S(1), Kiwuwa SM(4), Kamya MR(1)(4), Nankabirwa JI(1)(4), Dorsey G(3),  Rosenthal PJ(3).  Author information: (1)Infectious Diseases Research Collaboration, Kampala, Uganda. (2)Busitema University, Tororo, Uganda. (3)University of California, San Francisco, CA, USA. (4)Makerere University, Kampala, Uganda.  Update of     medRxiv. 2025 Oct 20:2025.10.18.25338277. doi: 10.1101/2025.10.18.25338277.  BACKGROUND: Intermittent preventive treatment with monthly  sulfadoxine-pyrimethamine (IPTp-SP) is recommended during pregnancy in  malaria-endemic countries. However, widespread resistance of Plasmodium  falciparum to SP has compromised its efficacy, and the alternative  dihydroartemisinin-piperaquine (DP) is under study. Potential selection of drug  resistance is important. METHODS: We sequenced 1377 samples collected from pregnant women enrolled in a  trial comparing monthly SP, DP, and DP+SP for IPTp in Busia, Uganda and with  asymptomatic parasitemia at the time of IPTp administration. We characterized  known markers of drug resistance and assessed the 28-day cumulative risk of  recurrent parasitemia, with genotyping to distinguish recrudescence from new  infections. RESULTS: Among 771 samples collected on the day IPTp was initiated, the  prevalences of 5 resistance mutations in P. falciparum dihydrofolate reductase  (PfDHFR) and dihydropteroate synthase (PfDHPS) were nearly 100%, and the PfDHFR  I164L and PfDHPS A581G mutations, associated with high-level resistance, had  combined prevalence of 26.5%. The cumulative risks of recurrent parasitemia (SP  57.8%, DP 4.1%, DP+SP 3.9%), symptomatic malaria (SP 9.3%, DP 1.1%, DP+SP 0.3%),  and recrudescent parasitemia (SP 40.1%, DP 2.0%, DP+SP 0.8%) were all  significantly greater in the SP arm, with risks greatest in primigravidae. In  the IPT-SP arm, the combined prevalence of the PfDHFR I164L and PfDHPS A581G  mutations increased significantly from 24.9% at initiation of IPTp to 35.2%  after receipt of IPTp-SP. Infection with mutant parasites was associated with  non-significant increases in risks of recrudescence. CONCLUSIONS: IPTp-SP had poor antimalarial preventive efficacy and selected for  increased drug resistance, questioning the value of this intervention.  © The Author(s) 2026. Published by Oxford University Press on behalf of  Infectious Diseases Society of America. All rights reserved. For commercial  re-use, please contact reprints@oup.com for reprints and translation rights for  reprints. All other permissions can be obtained through our RightsLink service  via the Permissions link on the article page on our site—for further information  please contact journals.permissions@oup.com.  DOI: 10.1093/infdis/jiag074 PMID: 41679334"
41652479,"Evolving patterns of antimalarial drug resistance markers in symptomatic infections in Kenya, 2013-2022.","1. Parasit Vectors. 2026 Feb 6;19(1):105. doi: 10.1186/s13071-026-07280-w.  Evolving patterns of antimalarial drug resistance markers in symptomatic  infections in Kenya, 2013-2022.  Magudha J(1)(2), Ndwiga L(1), Akinyi MY(1), Wamae K(1), Osoti V(1), Kandie R(3),  Kiplagat R(3), Keitany K(3), Bargul JL(2), Akala HM(4), Ochola-Oyier LI(5).  Author information: (1)Centre for Geographic Medicine Research (Coast), Kenya Medical Research  Institute-Wellcome Trust Research Programme, Kilifi, Kenya. (2)Department of Biochemistry, Jomo Kenyatta University of Agriculture and  Technology (JKUAT), P.O. Box, 62000, Nairobi, 00200, Kenya. (3)Division of National Malaria Programme, Ministry of Health, Nairobi, Kenya. (4)Walter Reed Army Institute of Research - Africa (WRAIR-A), Kenya Medical  Research Institute (KEMRI), Kisumu, Kenya. (5)Centre for Geographic Medicine Research (Coast), Kenya Medical Research  Institute-Wellcome Trust Research Programme, Kilifi, Kenya.  Lioyier@kemri-wellcome.org.  BACKGROUND: Ongoing antimalarial drug resistance surveillance is essential to  guide effective treatment strategies. Historically, resistance to chloroquine  and sulfadoxine-pyrimethamine (SP) has been associated with well-characterized  mutations in the chloroquine resistance transporter (Pfcrt; K76T) and antifolate  pathway genes, including dihydrofolate reductase (Pfdhfr; N51I, C59R, S108N) and  dihydropteroate synthase (Pfdhps; A437G, K540E, A581G). Since the introduction  of artemisinin-based combination therapies (ACTs), 13 mutations in the kelch 13  (PfK13) propeller domain have emerged as World Health Organization (WHO)  validated markers of partial artemisinin resistance. This study aimed to  characterize temporal trends in both established, Pfcrt and Pfk13, and less  well-described potential markers, cysteine desulfurase (Pfnfs) and Pfcoronin,  using febrile malaria samples collected across diverse regions of Kenya between  2013 and 2022. METHODS: The temporal trend of these markers of resistance were assessed by  screening archived P. falciparum-positive dried blood spots (DBS). A total of  1750 DBS samples were collected from therapeutic efficacy studies (TES)  conducted across distinct malaria transmission settings in Kenya, including  coastal Kenya (Kwale 2013, n = 350; 2018, n = 150), the lake endemic region of  Western Kenya (Kisumu 2015, n = 314; Busia 2016, n = 334), and the highland  epidemic region of western Kenya (Kisii 2017, n = 314). Additional samples were  obtained from an hrp2 study conducted in Kisii in 2022, (n = 288). Parasite  genomic DNA was extracted using the Chelex-saponin method and confirmed by a  Pf18S real-time polymerase chain reaction (RT-PCR). Pfk13, Pfcrt, Pfnfs, and  Pfcoronin PCR amplicons were sequenced using capillary electrophoresis, Illumina  Miseq or Oxford Nanopore (GridION) platforms. RESULTS: The prevalence of Pfcrt mutations declined over time and no  WHO-validated Pfk13 mutations associated with artemisinin resistance were  detected. However, synonymous substitutions at WHO-validated codons C469C and  P553P were identified. In the Pfcoronin gene, nonsynonymous mutations distinct  from those reported in West Africa were observed at high frequencies (> 75%).  Notably, the Pfnfs-K65Q mutation, previously associated with reduced  lumefantrine sensitivity in West Africa, was detected in more than 80% of the  samples. CONCLUSIONS: Our findings reveal no WHO-validated k13 mutations up until 2022  and confirm previous findings of a reduction in the Pfcrt resistance genotypes  over time. This study underscores the importance of continued molecular  surveillance and suggests that resistance may evolve through different pathways  in East compared with West Africa and Southeast Asia.  © 2026. The Author(s).  DOI: 10.1186/s13071-026-07280-w PMCID: PMC12973677 PMID: 41652479 [Indexed for MEDLINE]  Conflict of interest statement: Declarations. Ethics approval and consent to  participate: The approval for conducting these studies was obtained from the  Kenya Medical Research Institute/Scientific and Ethics Review Unit (KEMRI/SERU).  All study participants (or their parents/guardians) gave written informed  consent for participation, including permission for long-term storage of their  specimen for use in malaria-related molecular analyses. Consent for publication:  Not applicable. Competing interests: The authors declare no competing interests."
41613646,"Computational exploration of natural product inhibitors against mutant Plasmodium falciparum DHFR through pharmacophore modeling, docking, and MD simulations.","1. In Silico Pharmacol. 2026 Jan 27;14(1):48. doi: 10.1007/s40203-025-00533-z.  eCollection 2026.  Computational exploration of natural product inhibitors against mutant  Plasmodium falciparum DHFR through pharmacophore modeling, docking, and MD  simulations.  Gogoi D(1), Gogoi B(2), Dutta PP(3), Kalita JM(4), Khataniar A(5), Sharma MP(1),  Mandhadi JR(3), Phukan MM(6), Verma AK(7).  Author information: (1)Programme of Biotechnology, Faculty of Science, Assam Down Town University,  Guwahati, Assam India. (2)Viral Research and Diagnostic Laboratory, Department of Microbiology, Jorhat  Medical College and Hospital, Jorhat, Assam India. (3)Faculty of Pharmaceutical Science, Assam Down Town University, Guwahati,  Assam India. (4)School of Pharmaceutical Sciences, Girijananda Chowdhury University,  Guwahati, Assam India. (5)Centre for Biotechnology and Bioinformatics, Dibrugarh University, Dibrugarh,  Assam India. (6)Department of Forestry, Nagaland University, Hqrs. Lumami, Zunheboto,  Nagaland India. (7)Department of Zoology, Cell and Biochemical Technology, Cotton University,  Guwahati, Assam India.  Drug-resistant Plasmodium falciparum has been on the rise, mainly due to point  mutations in the pfDHFR or dihydrofolate reductase gene. This has heightened  urgency to discover and develop new antimalarial drugs. This research utilized  Pharmacophore Modeling, Virtual Screening, Molecular Docking and Molecular  Dynamics Simulation techniques to identify potential pfDHFR inhibitors from  virtual databases. Ligand-based pharmacophore hypothesis (H1) (r = 0.949,  r2 = 0.883) was formulated using a training set of 28 compounds that  demonstrated pfDHFR inhibitory activity across four orders of magnitude.  Additionally, a Structure-based Pharmacophore Hypothesis (P1) was derived from  the ligand-binding site in the pfDHFR protein. The thoroughly validated  hypotheses (H1 and P1) were then employed as 3D queries to screen compounds from  the chemical database. These compounds were initially screened for drug-likeness  and ADME/Tox properties before undergoing pharmacophore mapping. Pharmacophore  mapping and docking analyses, followed by 200 ns molecular dynamics simulations  using a mutant pfDHFR model, identified three promising lead candidates from the  TCM database. The top compound, ZINC70454408, exhibited the highest H Bond  energy of -14.204 kcal/mol and a predicted Ki of 0.04 µM, maintaining structural  stability with an average RMSD of 2.1 Å throughout the simulation. Two  additional compounds, ZINC04096650 and ZINC85631105, also exhibited strong  binding energies (- 122.64 and - 118.92 kcal/mol, respectively) and low  predicted Ki values (< 0.1 µM), with stable RMSD values ranging between 2.0 and  2.4 Å. These findings underscore ZINC70454408 as the most promising natural  product-based pfDHFR inhibitor candidate and provide a compelling rationale for  future experimental validation. SUPPLEMENTARY INFORMATION: The online version contains supplementary material  available at 10.1007/s40203-025-00533-z.  © The Author(s), under exclusive licence to Springer-Verlag GmbH Germany, part  of Springer Nature 2026. Springer Nature or its licensor (e.g. a society or  other partner) holds exclusive rights to this article under a publishing  agreement with the author(s) or other rightsholder(s); author self-archiving of  the accepted manuscript version of this article is solely governed by the terms  of such publishing agreement and applicable law.  DOI: 10.1007/s40203-025-00533-z PMCID: PMC12847498 PMID: 41613646  Conflict of interest statement: Conflict of interestsThe authors declare no  competing interests."
41451597,Co-occurrence of Pfhrp2/3 gene deletions and mutations in the drug resistance genes ( Pfdhfr and Pfdhps ) in the north east regions of India: An observation.,"1. J Vector Borne Dis. 2026 Jan 1;63(1):122-130. doi: 10.4103/jvbd.jvbd_205_25.  Epub 2026 Feb 27.  Co-occurrence of Pfhrp2/3 gene deletions and mutations in the drug resistance  genes ( Pfdhfr and Pfdhps ) in the north east regions of India: An observation.  Kumari S(1), Sharma S, Ahmed N, Srivastava B, Anvikar AR.  Author information: (1)ICMR-National Institute of Malaria Research, New Delhi, India.  BACKGROUND OBJECTIVES: Diagnostically refractory mutations/deletions in  Plasmodium falciparum pose significant obstacles to malaria diagnosis and  treatment. This study aims to enhance the understanding and management of  efforts towards sulfadoxine-pyrimethamine (SP) treatments in the north eastern  regions of India. METHODS: A total of 87 samples collected retrospectively from the years  2018-2019 in four north east states Assam, Meghalaya, Mizoram, and Tripura were  studied. The extracted genomic DNA was subjected to intactness analysis using  the msp 1, 2 and glurp genes, genotyping for diagnostic refractory gene  deletions in ( Pfhrp2/Pfhrp3 ) and drug resistance gene mutations ( Pfdhfr and  Pfdhps ). Sequence analysis was performed to evaluate single, double, triple and  quadruple mutations in the genes Pfdhfr and Pfdhps . RESULTS: Out of 87 samples, 50 (57%) samples were found with Pfhrp2 and/or  Pfhrp3 gene deletions (partial/complete). Out of these 50 samples, 47 showed  Pfhrp2 gene deletion, 29 showed Pfhrp3 gene deletion and 26 samples showed  deletions in both the genes. The presence of drug resistant with single, double,  triple, quadruple mutations including mixed Pfdhfr and Pfdhps gene was seen in  75 (86%) samples. Out of 75 samples, 10 samples observed with sharing double (2)  and triple (8) mutation in both Pfdhfr and Pfdhps genes. These samples were from  Assam (one), Meghalaya (two), Mizoram (six) and Tripura (one). Interestingly  four of these ten samples, one each from Assam, Meghalaya, Mizoram, and Tripura,  had Pfhrp2 -exon2 gene deletions showing resistance to diagnosis. INTERPRETATION CONCLUSION: These findings show evidence regarding the  simultaneous presence of diagnostic refractory and drug resistant P. falciparum  parasites in Northeast India. Further assessments of the mutations and deletions  in these genes will help in understanding the positive selection pressures on  such mutated P. falciparum parasites.  Copyright © 2026 Journal of Vector Borne Diseases.  DOI: 10.4103/jvbd.jvbd_205_25 PMID: 41451597 [Indexed for MEDLINE]"
41308470,Validation of solvent proteome profiling for antimalarial drug target deconvolution.,"1. Int J Parasitol Drugs Drug Resist. 2025 Dec;29:100626. doi:  10.1016/j.ijpddr.2025.100626. Epub 2025 Nov 24.  Validation of solvent proteome profiling for antimalarial drug target  deconvolution.  Ji Y(1), Morrow JP(1), MacRaild CA(1), Zhang H(2), Giannangelo C(1),  Schittenhelm RB(2), Creek DJ(3), Siddiqui G(4).  Author information: (1)Drug Delivery, Disposition and Dynamics, Monash Institute of Pharmaceutical  Sciences, Monash University, Parkville, VIC, 3052, Australia. (2)Monash Proteomics and Metabolomics Platform, Department of Biochemistry and  Molecular Biology, Biomedicine Discovery Institute, Monash University, Clayton,  Victoria, 3800, Australia. (3)Drug Delivery, Disposition and Dynamics, Monash Institute of Pharmaceutical  Sciences, Monash University, Parkville, VIC, 3052, Australia. Electronic  address: Darren.Creek@monash.edu. (4)Drug Delivery, Disposition and Dynamics, Monash Institute of Pharmaceutical  Sciences, Monash University, Parkville, VIC, 3052, Australia. Electronic  address: Ghizal.Siddiqui@monash.edu.  Malaria remains a global health threat, with rising drug resistance accelerating  the urgent need for new therapeutics. Target elucidation is a critical step in  antimalarial drug discovery, enabling a deeper understanding of the molecular  mechanisms of action of both existing and novel compounds. This study validates  solvent-induced proteome profiling (SPP) as a proteomics-based approach for  identifying drug-protein interactions in Plasmodium falciparum. SPP detects  shifts in protein stability induced by ligand binding, allowing the  identification of drug target/s without the need for compound modifications.  Here, we successfully generated solvent denaturation curves for the P.  falciparum proteome, and demonstrated the utility of SPP with five antimalarial  compounds: pyrimethamine, atovaquone, cipargamin, MMV1557817 and OSM-S-106. In  addition to measuring each compound's impact across the full denaturation curve,  investigating protein levels at individual solvent percentages preserved  specific stability changes that would otherwise be masked in pooled analyses  performed by integral SPP. This strategy was critical for the identification of  the cipargamin target, non-SERCA-type Ca2+-transporting P-ATPase (PfATP4).  Notably, we propose live-cell treatment SPP as a novel approach, demonstrating  its ability to identify the validated target of pyrimethamine, bifunctional  dihydrofolate reductase-thymidylate synthase (PfDHFR), with high specificity. We  also introduced the novel one-pot mixed-drug SPP, which enables the evaluation  of multiple drugs within a single lysate and experimental setup. This  alternative method simplifies the experimental workflow and includes positive  controls to affirm the performance of the experiment. Overall, this study  demonstrates that SPP can be successfully applied in both lysate and live-cell  treatment conditions to elucidate drug targets in P. falciparum, as well as  providing additional information regarding the mechanisms of drug action,  offering insights for the optimisation of existing antimalarials and the  development of novel therapies.  Copyright © 2025 The Authors. Published by Elsevier Ltd.. All rights reserved.  DOI: 10.1016/j.ijpddr.2025.100626 PMCID: PMC12688689 PMID: 41308470 [Indexed for MEDLINE]  Conflict of interest statement: Declaration of competing interest The authors  declare the following financial interests/personal relationships which may be  considered as potential competing interests: Darren Creek reports financial  support was provided by Australian Government Medical Research Future Fund.  Darren Creek reports financial support was provided by Australian Research  Council. If there are other authors, they declare that they have no known  competing financial interests or personal relationships that could have appeared  to influence the work reported in this paper."
41282777,Recurrent Plasmodium falciparum parasitemia and drug resistance mutations during intermittent preventive treatment of malaria in pregnancy in Uganda.,"1. medRxiv [Preprint]. 2025 Oct 20:2025.10.18.25338277. doi:  10.1101/2025.10.18.25338277.  Recurrent Plasmodium falciparum parasitemia and drug resistance mutations during  intermittent preventive treatment of malaria in pregnancy in Uganda.  Kizza J(1), Katairo T(1), Kakuru A(1)(2), Nsengimaana B(1), Esilu T(1),  Wiringilimaana I(1), Semakuba FD(1), Gerlovina I(3), Hathaway N(3), Briggs J(3),  Tukwasibwe S(1), Kiwuwa SM(4), Kamya MR(1)(4), Nankabirwa JI(1)(4), Dorsey G(3),  Rosenthal PJ(3).  Author information: (1)Infectious Diseases Research Collaboration, Kampala, Uganda. (2)Busitema University, Tororo, Uganda. (3)University of California, San Francisco, CA, USA. (4)Makerere University, Kampala, Uganda.  Update in     J Infect Dis. 2026 Feb 13:jiag074. doi: 10.1093/infdis/jiag074.  BACKGROUND: Intermittent preventive treatment with monthly  sulfadoxine-pyrimethamine (IPTp-SP) is recommended during pregnancy in  malaria-endemic countries. However, widespread resistance of Plasmodium  falciparum to SP has compromised its efficacy, and the alternative  dihydroartemisinin-piperaquine (DP) is under study. Potential selection of drug  resistance is of interest. METHODS: We sequenced 1377 samples collected from pregnant women enrolled in a  trial comparing monthly SP, DP, and DP+SP for IPTp in Busia, Uganda and with  asymptomatic parasitemia at the time of IPTp administration. We characterized  known markers of drug resistance and assessed the 28-day cumulative risk of  recurrent parasitemia, with genotyping to distinguish recrudescence from new  infections. RESULTS: Among 771 samples collected on the day IPTp was initiated, the  prevalences of five resistance mutations in P. falciparum dihydrofolate  reductase (PfDHFR) and dihydropteroate synthase (PfDHPS) were nearly 100%, and  the PfDHFR I164L and PfDHPS A581G mutations, associated with high-level  resistance, had combined prevalence of 26.5%. The cumulative risks of recurrent  parasitemia (SP 57.8%, DP 4.1%, DP+SP 3.9%), symptomatic malaria (SP 9.3%, DP  1.1%, DP+SP 0.3%), and recrudescent parasitemia (SP 40.1%, DP 2.0%, DP+SP 0.8%)  were all significantly greater in the SP arm, with risks greatest in  primigravidae. In the IPT-SP arm, the combined prevalence of the PfDHFR I164L  and PfDHPS A581G mutations increased significantly from 24.9% at initiation of  IPTp to 35.2% after receipt of IPTp-SP. Infection with mutant parasites was  associated with non-significant increases in risks of recrudescence. CONCLUSIONS: IPTp-SP had poor preventive efficacy and selected for increased  drug resistance, questioning the value of this intervention.  DOI: 10.1101/2025.10.18.25338277 PMCID: PMC12633580 PMID: 41282777  Conflict of interest statement: Conflict of interest. The authors declare no  conflicts of interest."
